MODEL,MSE,RMSE,MAE
MLP,42787380.0,6541.206310765622,5515.39013671875
LSTM,65132224.0,8070.453766672603,4089.6953125
Transformer,539811136.0,23233.836015604484,17688.359375
