MODEL,MSE,RMSE,MAE
MLP,2902477056.0,53874.642049854956,51166.28125
LSTM,2205612544.0,46963.949408029985,43011.2109375
Transformer,3671998208.0,60597.01484396736,57589.3203125
